state,city,year,month,year_month,avg_temp_mean,max_temp,min_temp,total_precipitation_mm,total_rain_mm,max_wind_speed_kmh,rainy_days,rain_context,heat_context,wind_context
ACT,Canberra,2024,1,2024-01,19.71935483870968,30.2,10.6,105.0,105.0,26.9,20,High rain,30-35C,Low wind
ACT,Canberra,2024,2,2024-02,19.841379310344827,31.6,9.8,51.4,51.4,23.0,13,High rain,30-35C,Low wind
ACT,Canberra,2024,3,2024-03,18.0,32.2,5.7,22.0,22.0,27.7,10,Moderate rain,30-35C,Low wind
ACT,Canberra,2024,4,2024-04,12.246666666666666,26.0,2.8,54.0,54.0,28.3,11,High rain,Below 30C,Low wind
ACT,Canberra,2024,5,2024-05,9.174193548387096,16.8,-1.6,45.1,45.1,28.3,12,Moderate rain,Below 30C,Low wind
ACT,Canberra,2024,6,2024-06,5.510000000000001,15.4,-3.7,50.4,50.4,25.0,15,High rain,Below 30C,Low wind
ACT,Canberra,2024,7,2024-07,5.535483870967742,14.9,-3.6,44.0,43.9,31.0,15,Moderate rain,Below 30C,Moderate wind
ACT,Canberra,2024,8,2024-08,8.319354838709677,19.0,-2.0,25.2,25.2,35.2,16,Moderate rain,Below 30C,Moderate wind
ACT,Canberra,2024,9,2024-09,10.116666666666667,22.1,-2.8,26.0,26.0,38.4,8,Moderate rain,Below 30C,Moderate wind
ACT,Canberra,2024,10,2024-10,13.35483870967742,25.6,1.9,26.3,26.3,35.3,8,Moderate rain,Below 30C,Moderate wind
ACT,Canberra,2024,11,2024-11,18.790000000000003,31.2,7.3,87.9,87.9,31.0,16,High rain,30-35C,Moderate wind
ACT,Canberra,2024,12,2024-12,20.493548387096773,33.5,8.1,59.8,59.8,25.7,14,High rain,30-35C,Low wind
ACT,Canberra,2025,1,2025-01,20.10967741935484,33.7,9.6,49.0,49.0,27.6,17,Moderate rain,30-35C,Low wind
ACT,Canberra,2025,2,2025-02,20.135714285714283,32.6,6.6,52.2,52.2,22.9,12,High rain,30-35C,Low wind
ACT,Canberra,2025,3,2025-03,19.42258064516129,32.2,7.2,31.4,31.4,32.9,15,Moderate rain,30-35C,Moderate wind
ACT,Canberra,2025,4,2025-04,14.4,24.7,3.7,18.1,18.1,23.8,10,Moderate rain,Below 30C,Low wind
ACT,Canberra,2025,5,2025-05,10.158064516129032,20.2,-0.2,73.69999999999999,73.69999999999999,27.6,13,High rain,Below 30C,Low wind
ACT,Canberra,2025,6,2025-06,3.966666666666667,13.9,-4.8,45.6,42.1,28.5,9,Moderate rain,Below 30C,Low wind
ACT,Canberra,2025,7,2025-07,5.864516129032259,14.8,-3.0,94.2,94.1,31.9,17,High rain,Below 30C,Moderate wind
ACT,Canberra,2025,8,2025-08,7.483870967741935,17.9,-1.4,47.2,45.0,32.8,14,Moderate rain,Below 30C,Moderate wind
ACT,Canberra,2025,9,2025-09,9.903333333333334,21.6,-0.7,40.0,40.0,30.7,10,Moderate rain,Below 30C,Moderate wind
ACT,Canberra,2025,10,2025-10,13.78064516129032,28.8,2.2,26.9,26.5,30.3,10,Moderate rain,Below 30C,Moderate wind
ACT,Canberra,2025,11,2025-11,15.453333333333337,29.0,0.3,71.5,71.1,39.1,19,High rain,Below 30C,Moderate wind
ACT,Canberra,2025,12,2025-12,18.76451612903226,35.2,3.4,45.8,45.8,30.8,12,Moderate rain,35-40C,Moderate wind
ACT,Canberra,2026,1,2026-01,21.11290322580645,39.6,8.4,31.8,31.8,30.8,11,Moderate rain,35-40C,Moderate wind
NSW,Sydney,2024,1,2024-01,23.096774193548388,36.6,16.4,117.9,117.9,37.1,25,High rain,35-40C,Moderate wind
NSW,Sydney,2024,2,2024-02,22.78965517241379,34.9,15.8,82.3,82.3,35.0,24,High rain,30-35C,Moderate wind
NSW,Sydney,2024,3,2024-03,21.225806451612904,31.0,13.1,58.9,58.9,37.0,20,High rain,30-35C,Moderate wind
NSW,Sydney,2024,4,2024-04,17.59333333333333,27.2,10.9,160.4,160.4,39.5,19,Extreme rain,Below 30C,Moderate wind
NSW,Sydney,2024,5,2024-05,14.603225806451611,22.0,6.7,159.7,159.7,38.1,20,Extreme rain,Below 30C,Moderate wind
NSW,Sydney,2024,6,2024-06,11.523333333333332,19.4,2.4,139.8,139.8,31.3,14,High rain,Below 30C,Moderate wind
NSW,Sydney,2024,7,2024-07,11.82258064516129,22.2,4.4,38.4,38.4,36.2,15,Moderate rain,Below 30C,Moderate wind
NSW,Sydney,2024,8,2024-08,14.37741935483871,29.1,4.3,35.8,35.8,39.4,18,Moderate rain,Below 30C,Moderate wind
NSW,Sydney,2024,9,2024-09,16.316666666666666,29.4,5.1,59.8,59.8,41.8,9,High rain,Below 30C,Moderate wind
NSW,Sydney,2024,10,2024-10,17.03548387096774,28.3,8.2,41.2,41.2,34.5,18,Moderate rain,Below 30C,Moderate wind
NSW,Sydney,2024,11,2024-11,21.09,36.2,14.5,120.8,120.8,33.4,25,High rain,35-40C,Moderate wind
NSW,Sydney,2024,12,2024-12,22.712903225806453,35.3,15.6,53.1,53.1,31.4,19,High rain,35-40C,Moderate wind
NSW,Sydney,2025,1,2025-01,22.01290322580645,36.8,14.8,188.5,188.5,44.4,23,Extreme rain,35-40C,Moderate wind
NSW,Sydney,2025,2,2025-02,22.62142857142857,32.7,13.8,66.2,66.2,30.1,19,High rain,30-35C,Moderate wind
NSW,Sydney,2025,3,2025-03,22.361290322580647,37.5,16.0,113.0,113.0,33.0,22,High rain,35-40C,Moderate wind
NSW,Sydney,2025,4,2025-04,19.03333333333333,28.0,13.1,100.4,100.4,26.3,20,High rain,Below 30C,Low wind
NSW,Sydney,2025,5,2025-05,15.983870967741936,25.5,8.2,195.3,195.3,31.9,24,Extreme rain,Below 30C,Moderate wind
NSW,Sydney,2025,6,2025-06,11.526666666666667,20.6,3.9,15.9,15.9,33.4,7,Moderate rain,Below 30C,Moderate wind
NSW,Sydney,2025,7,2025-07,12.064516129032258,20.6,3.9,124.6,124.6,39.4,12,High rain,Below 30C,Moderate wind
NSW,Sydney,2025,8,2025-08,13.058064516129033,21.1,5.9,233.1,233.1,31.5,24,Extreme rain,Below 30C,Moderate wind
NSW,Sydney,2025,9,2025-09,16.633333333333333,31.6,8.1,78.6,78.6,33.5,11,High rain,30-35C,Moderate wind
NSW,Sydney,2025,10,2025-10,20.05806451612903,38.2,11.9,31.5,31.5,35.0,13,Moderate rain,35-40C,Moderate wind
NSW,Sydney,2025,11,2025-11,20.78,35.0,10.4,47.8,47.8,34.0,19,Moderate rain,30-35C,Moderate wind
NSW,Sydney,2025,12,2025-12,21.77741935483871,39.0,13.2,67.9,67.9,35.9,21,High rain,35-40C,Moderate wind
NSW,Sydney,2026,1,2026-01,22.293548387096774,42.0,15.8,153.1,153.1,31.5,19,Extreme rain,40C+,Moderate wind
NT,Darwin,2024,1,2024-01,27.951612903225808,33.2,24.6,750.3,750.3,44.3,31,Extreme rain,30-35C,Moderate wind
NT,Darwin,2024,2,2024-02,28.403448275862072,32.2,24.3,275.4,275.4,30.4,29,Extreme rain,30-35C,Moderate wind
NT,Darwin,2024,3,2024-03,27.93548387096774,31.5,24.6,355.5,355.5,34.6,30,Extreme rain,30-35C,Moderate wind
NT,Darwin,2024,4,2024-04,28.37333333333333,33.6,23.6,37.900000000000006,37.900000000000006,26.0,13,Moderate rain,30-35C,Low wind
NT,Darwin,2024,5,2024-05,28.067741935483877,34.1,21.3,4.3,4.3,25.5,6,Low rain,30-35C,Low wind
NT,Darwin,2024,6,2024-06,25.063333333333333,32.8,17.7,0.1,0.1,24.6,1,Low rain,30-35C,Low wind
NT,Darwin,2024,7,2024-07,24.95483870967742,31.8,16.9,4.3,4.3,27.7,7,Low rain,30-35C,Low wind
NT,Darwin,2024,8,2024-08,26.212903225806453,33.1,20.4,3.4,3.4,28.8,6,Low rain,30-35C,Low wind
NT,Darwin,2024,9,2024-09,27.996666666666663,34.6,22.6,35.6,35.6,30.2,21,Moderate rain,30-35C,Moderate wind
NT,Darwin,2024,10,2024-10,29.038709677419355,34.6,24.0,95.2,95.2,30.0,26,High rain,30-35C,Low wind
NT,Darwin,2024,11,2024-11,28.69,33.4,23.3,147.2,147.2,25.0,29,High rain,30-35C,Low wind
NT,Darwin,2024,12,2024-12,28.81290322580645,33.4,24.8,252.6,252.6,24.8,31,Extreme rain,30-35C,Low wind
NT,Darwin,2025,1,2025-01,28.48064516129032,34.1,24.9,288.5,288.5,21.5,30,Extreme rain,30-35C,Low wind
NT,Darwin,2025,2,2025-02,27.99642857142857,32.9,24.2,304.1,304.1,27.7,28,Extreme rain,30-35C,Low wind
NT,Darwin,2025,3,2025-03,28.216129032258067,33.6,24.8,516.2,516.2,19.2,29,Extreme rain,30-35C,Low wind
NT,Darwin,2025,4,2025-04,27.90666666666667,33.3,22.8,131.1,131.1,30.9,23,High rain,30-35C,Moderate wind
NT,Darwin,2025,5,2025-05,27.154838709677417,33.2,20.0,39.3,39.3,26.5,9,Moderate rain,30-35C,Low wind
NT,Darwin,2025,6,2025-06,25.49333333333333,32.5,19.1,0.0,0.0,23.8,0,Low rain,30-35C,Low wind
NT,Darwin,2025,7,2025-07,25.416129032258063,32.6,19.5,4.3,4.3,21.6,7,Low rain,30-35C,Low wind
NT,Darwin,2025,8,2025-08,25.887096774193548,33.0,19.2,2.1,2.1,27.9,3,Low rain,30-35C,Low wind
NT,Darwin,2025,9,2025-09,27.696666666666665,33.6,22.5,29.5,29.5,25.2,17,Moderate rain,30-35C,Low wind
NT,Darwin,2025,10,2025-10,29.25483870967742,35.7,24.7,47.6,47.6,24.5,25,Moderate rain,35-40C,Low wind
NT,Darwin,2025,11,2025-11,28.246666666666663,35.0,24.7,582.8,582.8,82.6,28,Extreme rain,30-35C,Extreme wind
NT,Darwin,2025,12,2025-12,28.325806451612905,33.4,24.2,293.7,293.7,32.8,30,Extreme rain,30-35C,Moderate wind
NT,Darwin,2026,1,2026-01,27.932258064516127,32.4,24.4,280.9,280.9,32.1,30,Extreme rain,30-35C,Moderate wind
QLD,Brisbane,2024,1,2024-01,25.067741935483877,35.4,19.0,267.7,267.7,22.5,27,Extreme rain,35-40C,Low wind
QLD,Brisbane,2024,2,2024-02,24.731034482758623,33.5,19.4,130.3,130.3,23.2,27,High rain,30-35C,Low wind
QLD,Brisbane,2024,3,2024-03,22.76451612903226,31.5,16.6,175.1,175.1,26.8,27,Extreme rain,30-35C,Low wind
QLD,Brisbane,2024,4,2024-04,20.426666666666662,29.5,13.6,137.1,137.1,23.2,23,High rain,Below 30C,Low wind
QLD,Brisbane,2024,5,2024-05,17.241935483870968,25.0,9.4,34.5,34.5,24.2,23,Moderate rain,Below 30C,Low wind
QLD,Brisbane,2024,6,2024-06,14.973333333333333,26.4,6.6,17.9,17.9,21.8,7,Moderate rain,Below 30C,Low wind
QLD,Brisbane,2024,7,2024-07,14.390322580645162,23.7,5.2,30.9,30.9,29.0,13,Moderate rain,Below 30C,Low wind
QLD,Brisbane,2024,8,2024-08,17.593548387096774,35.3,6.9,63.4,63.4,25.6,13,High rain,35-40C,Low wind
QLD,Brisbane,2024,9,2024-09,18.73,32.9,10.4,81.3,81.3,31.5,14,High rain,30-35C,Moderate wind
QLD,Brisbane,2024,10,2024-10,20.345161290322583,32.8,10.1,111.0,111.0,22.7,24,High rain,30-35C,Low wind
QLD,Brisbane,2024,11,2024-11,22.97,33.8,15.3,290.2,290.2,21.3,24,Extreme rain,30-35C,Low wind
QLD,Brisbane,2024,12,2024-12,24.396774193548385,35.2,16.8,241.7,241.7,21.3,21,Extreme rain,35-40C,Low wind
QLD,Brisbane,2025,1,2025-01,24.641935483870967,37.1,17.1,185.3,185.3,22.1,23,Extreme rain,35-40C,Low wind
QLD,Brisbane,2025,2,2025-02,25.00714285714286,34.5,19.0,55.6,55.6,22.5,25,High rain,30-35C,Low wind
QLD,Brisbane,2025,3,2025-03,23.36774193548387,31.9,18.0,539.6,539.6,41.8,28,Extreme rain,30-35C,Moderate wind
QLD,Brisbane,2025,4,2025-04,20.76,27.9,14.7,117.8,117.8,19.1,23,High rain,Below 30C,Low wind
QLD,Brisbane,2025,5,2025-05,18.351612903225806,28.5,12.9,123.2,123.2,21.5,21,High rain,Below 30C,Low wind
QLD,Brisbane,2025,6,2025-06,14.643333333333334,22.8,6.8,44.9,44.9,21.0,12,Moderate rain,Below 30C,Low wind
QLD,Brisbane,2025,7,2025-07,14.438709677419356,23.9,6.6,54.9,54.9,31.0,12,High rain,Below 30C,Moderate wind
QLD,Brisbane,2025,8,2025-08,15.180645161290323,26.4,6.7,52.2,52.2,24.5,16,High rain,Below 30C,Low wind
QLD,Brisbane,2025,9,2025-09,18.59333333333333,30.9,9.8,7.8,7.8,24.3,13,Low rain,30-35C,Low wind
QLD,Brisbane,2025,10,2025-10,22.816129032258065,35.4,12.4,134.3,134.3,23.4,13,High rain,35-40C,Low wind
QLD,Brisbane,2025,11,2025-11,23.116666666666667,33.8,13.9,208.5,208.5,20.3,21,Extreme rain,30-35C,Low wind
QLD,Brisbane,2025,12,2025-12,23.787096774193547,35.7,14.7,90.8,90.8,20.5,17,High rain,35-40C,Low wind
QLD,Brisbane,2026,1,2026-01,24.948387096774194,39.0,17.5,104.8,104.8,22.5,25,High rain,35-40C,Low wind
SA,Adelaide,2024,1,2024-01,21.470967741935485,37.6,9.0,85.3,85.3,31.2,9,High rain,35-40C,Moderate wind
SA,Adelaide,2024,2,2024-02,21.83793103448276,36.7,10.0,0.3,0.3,35.7,2,Low rain,35-40C,Moderate wind
SA,Adelaide,2024,3,2024-03,21.961290322580645,37.0,8.8,1.2,1.2,32.2,3,Low rain,35-40C,Moderate wind
SA,Adelaide,2024,4,2024-04,14.786666666666669,24.0,7.4,19.4,19.4,31.6,14,Moderate rain,Below 30C,Moderate wind
SA,Adelaide,2024,5,2024-05,13.496774193548388,22.9,3.7,16.4,16.4,33.2,4,Moderate rain,Below 30C,Moderate wind
SA,Adelaide,2024,6,2024-06,10.856666666666666,19.1,3.6,104.4,104.4,32.0,19,High rain,Below 30C,Moderate wind
SA,Adelaide,2024,7,2024-07,10.9,19.0,1.2,74.1,74.1,47.1,18,High rain,Below 30C,Moderate wind
SA,Adelaide,2024,8,2024-08,13.4,23.8,3.8,53.5,53.5,37.2,21,High rain,Below 30C,Moderate wind
SA,Adelaide,2024,9,2024-09,13.316666666666666,24.8,1.7,44.8,44.8,43.3,19,Moderate rain,Below 30C,Moderate wind
SA,Adelaide,2024,10,2024-10,16.990322580645163,30.1,6.2,19.3,19.3,34.5,12,Moderate rain,30-35C,Moderate wind
SA,Adelaide,2024,11,2024-11,19.51333333333333,36.5,8.2,29.0,29.0,31.9,16,Moderate rain,35-40C,Moderate wind
SA,Adelaide,2024,12,2024-12,21.65806451612903,38.1,10.9,10.9,10.9,31.2,10,Moderate rain,35-40C,Moderate wind
SA,Adelaide,2025,1,2025-01,23.08709677419355,36.0,12.5,9.3,9.3,27.6,5,Low rain,35-40C,Low wind
SA,Adelaide,2025,2,2025-02,23.717857142857145,41.6,12.8,4.3,4.3,27.1,5,Low rain,40C+,Low wind
SA,Adelaide,2025,3,2025-03,22.816129032258065,38.9,12.4,10.5,10.5,28.2,3,Moderate rain,35-40C,Low wind
SA,Adelaide,2025,4,2025-04,19.05333333333333,32.4,10.2,14.0,14.0,37.5,12,Moderate rain,30-35C,Moderate wind
SA,Adelaide,2025,5,2025-05,14.138709677419357,25.9,4.1,40.8,40.8,42.1,7,Moderate rain,Below 30C,Moderate wind
SA,Adelaide,2025,6,2025-06,11.686666666666667,20.8,6.0,101.2,101.2,38.9,17,High rain,Below 30C,Moderate wind
SA,Adelaide,2025,7,2025-07,10.958064516129031,17.5,4.0,130.29999999999998,130.29999999999998,37.0,23,High rain,Below 30C,Moderate wind
SA,Adelaide,2025,8,2025-08,11.764516129032256,19.4,3.7,128.9,128.5,38.8,17,High rain,Below 30C,Moderate wind
SA,Adelaide,2025,9,2025-09,13.543333333333331,24.0,6.5,70.9,70.9,30.1,20,High rain,Below 30C,Moderate wind
SA,Adelaide,2025,10,2025-10,15.819354838709677,26.9,6.7,89.2,89.2,34.3,23,High rain,Below 30C,Moderate wind
SA,Adelaide,2025,11,2025-11,16.04,28.7,6.5,85.7,85.7,32.6,24,High rain,Below 30C,Moderate wind
SA,Adelaide,2025,12,2025-12,20.648387096774197,39.1,10.2,12.8,12.8,31.8,6,Moderate rain,35-40C,Moderate wind
SA,Adelaide,2026,1,2026-01,24.33870967741936,42.6,10.9,2.0,2.0,35.4,3,Low rain,40C+,Moderate wind
TAS,Hobart,2024,1,2024-01,17.361290322580647,30.4,9.4,71.2,71.2,30.7,17,High rain,30-35C,Moderate wind
TAS,Hobart,2024,2,2024-02,17.95862068965517,34.1,9.3,15.8,15.8,32.6,14,Moderate rain,30-35C,Moderate wind
TAS,Hobart,2024,3,2024-03,16.083870967741937,32.7,8.6,14.9,14.9,32.3,10,Moderate rain,30-35C,Moderate wind
TAS,Hobart,2024,4,2024-04,12.776666666666667,21.4,5.9,53.6,53.6,25.4,12,High rain,Below 30C,Low wind
TAS,Hobart,2024,5,2024-05,10.674193548387096,19.6,3.6,28.5,28.5,37.2,17,Moderate rain,Below 30C,Moderate wind
TAS,Hobart,2024,6,2024-06,8.523333333333333,16.3,1.1,39.4,36.5,28.2,19,Moderate rain,Below 30C,Low wind
TAS,Hobart,2024,7,2024-07,7.922580645161291,17.6,1.2,74.1,74.1,32.0,17,High rain,Below 30C,Moderate wind
TAS,Hobart,2024,8,2024-08,10.570967741935483,18.6,2.7,86.7,86.7,34.0,22,High rain,Below 30C,Moderate wind
TAS,Hobart,2024,9,2024-09,10.386666666666668,20.7,3.3,56.4,56.4,36.1,22,High rain,Below 30C,Moderate wind
TAS,Hobart,2024,10,2024-10,12.422580645161291,25.9,3.7,39.7,39.7,34.2,16,Moderate rain,Below 30C,Moderate wind
TAS,Hobart,2024,11,2024-11,14.566666666666666,28.7,4.8,60.6,60.6,30.8,18,High rain,Below 30C,Moderate wind
TAS,Hobart,2024,12,2024-12,16.54516129032258,31.1,9.0,88.1,88.1,32.2,23,High rain,30-35C,Moderate wind
TAS,Hobart,2025,1,2025-01,17.458064516129035,33.1,9.0,29.2,29.2,25.6,19,Moderate rain,30-35C,Low wind
TAS,Hobart,2025,2,2025-02,17.45,34.5,7.8,35.2,35.2,33.5,16,Moderate rain,30-35C,Moderate wind
TAS,Hobart,2025,3,2025-03,16.34516129032258,30.5,7.9,24.4,24.4,29.8,14,Moderate rain,30-35C,Low wind
TAS,Hobart,2025,4,2025-04,13.413333333333332,24.9,5.9,38.6,38.6,26.4,19,Moderate rain,Below 30C,Low wind
TAS,Hobart,2025,5,2025-05,10.674193548387096,21.7,2.9,31.9,31.9,27.0,10,Moderate rain,Below 30C,Low wind
TAS,Hobart,2025,6,2025-06,8.626666666666667,17.3,2.3,44.7,44.7,24.4,11,Moderate rain,Below 30C,Low wind
TAS,Hobart,2025,7,2025-07,7.964516129032258,16.5,2.5,50.7,50.6,25.9,16,High rain,Below 30C,Low wind
TAS,Hobart,2025,8,2025-08,9.029032258064516,17.8,1.2,24.2,24.2,28.8,15,Moderate rain,Below 30C,Low wind
TAS,Hobart,2025,9,2025-09,10.266666666666667,21.9,1.7,51.9,51.9,29.8,21,High rain,Below 30C,Low wind
TAS,Hobart,2025,10,2025-10,11.306451612903226,24.8,2.3,55.7,55.6,36.3,21,High rain,Below 30C,Moderate wind
TAS,Hobart,2025,11,2025-11,12.123333333333331,26.3,5.2,109.8,109.8,34.6,24,High rain,Below 30C,Moderate wind
TAS,Hobart,2025,12,2025-12,14.50967741935484,28.3,5.8,52.1,52.1,32.7,16,High rain,Below 30C,Moderate wind
TAS,Hobart,2026,1,2026-01,16.461290322580645,32.2,8.4,33.5,33.5,30.0,15,Moderate rain,30-35C,Low wind
VIC,Melbourne,2024,1,2024-01,19.4,31.9,10.3,141.4,141.4,39.4,15,High rain,30-35C,Moderate wind
VIC,Melbourne,2024,2,2024-02,20.07586206896552,37.3,10.1,10.2,10.2,39.0,10,Moderate rain,35-40C,Moderate wind
VIC,Melbourne,2024,3,2024-03,19.067741935483877,37.7,8.6,20.4,20.4,36.7,12,Moderate rain,35-40C,Moderate wind
VIC,Melbourne,2024,4,2024-04,13.863333333333332,27.3,5.9,92.6,92.6,28.9,22,High rain,Below 30C,Low wind
VIC,Melbourne,2024,5,2024-05,11.48709677419355,19.0,4.4,40.0,40.0,39.6,13,Moderate rain,Below 30C,Moderate wind
VIC,Melbourne,2024,6,2024-06,9.25,15.2,0.4,35.9,35.9,43.4,20,Moderate rain,Below 30C,Moderate wind
VIC,Melbourne,2024,7,2024-07,9.00967741935484,16.1,-0.3,99.2,99.2,40.3,20,High rain,Below 30C,Moderate wind
VIC,Melbourne,2024,8,2024-08,12.238709677419354,22.2,0.8,37.7,37.7,44.0,18,Moderate rain,Below 30C,Moderate wind
VIC,Melbourne,2024,9,2024-09,12.586666666666668,23.9,3.7,61.6,61.6,46.2,22,High rain,Below 30C,Moderate wind
VIC,Melbourne,2024,10,2024-10,14.651612903225804,28.0,3.2,65.3,65.3,35.7,18,High rain,Below 30C,Moderate wind
VIC,Melbourne,2024,11,2024-11,18.293333333333333,37.4,5.9,76.1,76.1,44.2,19,High rain,35-40C,Moderate wind
VIC,Melbourne,2024,12,2024-12,19.94516129032258,41.5,10.9,46.2,46.2,28.3,16,Moderate rain,40C+,Low wind
VIC,Melbourne,2025,1,2025-01,21.306451612903224,40.7,11.6,39.3,39.3,25.5,13,Moderate rain,40C+,Low wind
VIC,Melbourne,2025,2,2025-02,21.357142857142858,39.5,10.1,63.5,63.5,32.5,16,High rain,35-40C,Moderate wind
VIC,Melbourne,2025,3,2025-03,20.01290322580645,37.2,10.5,73.5,73.5,25.8,13,High rain,35-40C,Low wind
VIC,Melbourne,2025,4,2025-04,17.790000000000003,32.2,8.4,39.2,39.2,24.1,15,Moderate rain,30-35C,Low wind
VIC,Melbourne,2025,5,2025-05,12.935483870967742,25.5,2.5,26.3,26.3,29.0,9,Moderate rain,Below 30C,Low wind
VIC,Melbourne,2025,6,2025-06,9.743333333333334,17.9,3.2,54.3,54.3,33.0,16,High rain,Below 30C,Moderate wind
VIC,Melbourne,2025,7,2025-07,10.01290322580645,16.0,4.5,78.0,78.0,38.5,20,High rain,Below 30C,Moderate wind
VIC,Melbourne,2025,8,2025-08,10.15483870967742,18.9,1.8,59.0,59.0,38.2,16,High rain,Below 30C,Moderate wind
VIC,Melbourne,2025,9,2025-09,13.14,23.8,2.9,67.5,67.5,38.0,23,High rain,Below 30C,Moderate wind
VIC,Melbourne,2025,10,2025-10,14.803225806451612,30.7,5.2,74.3,74.3,39.5,19,High rain,30-35C,Moderate wind
VIC,Melbourne,2025,11,2025-11,14.963333333333331,31.5,6.4,182.7,182.7,29.9,21,Extreme rain,30-35C,Low wind
VIC,Melbourne,2025,12,2025-12,17.62258064516129,38.3,8.6,47.7,47.7,26.5,18,Moderate rain,35-40C,Low wind
VIC,Melbourne,2026,1,2026-01,21.17096774193548,43.3,11.3,12.6,12.6,32.6,13,Moderate rain,40C+,Moderate wind
WA,Perth,2024,1,2024-01,24.548387096774192,38.1,16.4,0.9,0.9,43.3,3,Low rain,35-40C,Moderate wind
WA,Perth,2024,2,2024-02,26.33448275862069,44.3,15.3,17.5,17.5,40.9,4,Moderate rain,40C+,Moderate wind
WA,Perth,2024,3,2024-03,23.241935483870968,35.0,11.1,4.1,4.1,44.0,4,Low rain,30-35C,Moderate wind
WA,Perth,2024,4,2024-04,21.26333333333333,35.8,11.1,20.200000000000003,20.200000000000003,36.9,2,Moderate rain,35-40C,Moderate wind
WA,Perth,2024,5,2024-05,18.83225806451613,28.7,9.4,94.5,94.5,37.8,12,High rain,Below 30C,Moderate wind
WA,Perth,2024,6,2024-06,14.61,23.3,5.4,113.3,113.3,37.9,21,High rain,Below 30C,Moderate wind
WA,Perth,2024,7,2024-07,14.22258064516129,21.1,6.6,154.3,154.3,48.4,23,Extreme rain,Below 30C,Moderate wind
WA,Perth,2024,8,2024-08,15.193548387096774,23.8,4.2,167.6,167.6,57.3,26,Extreme rain,Below 30C,High wind
WA,Perth,2024,9,2024-09,15.48,26.4,7.7,27.1,27.1,41.1,10,Moderate rain,Below 30C,Moderate wind
WA,Perth,2024,10,2024-10,17.59032258064516,30.5,9.9,43.3,43.3,42.7,14,Moderate rain,30-35C,Moderate wind
WA,Perth,2024,11,2024-11,19.94,34.8,10.1,24.9,24.9,31.1,8,Moderate rain,30-35C,Moderate wind
WA,Perth,2024,12,2024-12,24.07741935483871,42.9,13.6,5.8,5.8,28.1,7,Low rain,40C+,Low wind
WA,Perth,2025,1,2025-01,26.01290322580645,42.8,16.2,2.8,2.8,26.6,4,Low rain,40C+,Low wind
WA,Perth,2025,2,2025-02,24.467857142857145,37.0,14.6,2.9,2.9,30.7,5,Low rain,35-40C,Moderate wind
WA,Perth,2025,3,2025-03,24.370967741935484,38.8,14.9,32.5,32.5,28.2,6,Moderate rain,35-40C,Low wind
WA,Perth,2025,4,2025-04,20.59333333333333,32.8,10.2,15.6,15.6,27.0,13,Moderate rain,30-35C,Low wind
WA,Perth,2025,5,2025-05,17.63225806451613,31.0,7.6,104.4,104.4,24.0,12,High rain,30-35C,Low wind
WA,Perth,2025,6,2025-06,14.606666666666666,22.1,7.2,215.4,215.4,28.4,15,Extreme rain,Below 30C,Low wind
WA,Perth,2025,7,2025-07,12.293548387096775,20.4,4.2,168.29999999999998,168.29999999999998,37.2,21,Extreme rain,Below 30C,Moderate wind
WA,Perth,2025,8,2025-08,13.580645161290322,23.1,6.2,226.8,226.8,43.0,20,Extreme rain,Below 30C,Moderate wind
WA,Perth,2025,9,2025-09,14.89,27.7,6.4,104.8,104.8,36.8,14,High rain,Below 30C,Moderate wind
WA,Perth,2025,10,2025-10,16.419354838709676,33.0,8.5,72.0,72.0,32.7,14,High rain,30-35C,Moderate wind
WA,Perth,2025,11,2025-11,20.313333333333333,33.5,9.5,9.2,9.2,27.7,11,Low rain,30-35C,Low wind
WA,Perth,2025,12,2025-12,23.73548387096774,41.5,13.2,1.1,1.1,27.1,1,Low rain,40C+,Low wind
WA,Perth,2026,1,2026-01,24.42258064516129,41.0,13.1,1.7999999999999998,1.7999999999999998,27.0,4,Low rain,40C+,Low wind
